<?xml version="1.0" encoding="utf-8" standalone="yes" ?>
<Window size="1000,700" sizebox="4,4,6,6" caption="0,0,0,50" mininfo="800,600" roundcorner="5,5">
    <VerticalLayout enabled="true" bkimage="file=&apos;border.png&apos; corner=&apos;5,5,5,5&apos; hole=&apos;true&apos;">
        <VerticalLayout enabled="true" height="50" bkimage="titlebar.png">
            <HorizontalLayout enabled="true" height="20">
                <HorizontalLayout enabled="true" height="20">
                    <Control float="true" pos="9,1,0,0" enabled="true" width="20" height="20" bkimage="theworld.png" />
                    <Label text="MiniblinkBrowser" float="true" pos="36,2,0,0" enabled="true" width="200" height="18" textcolor="#00FFFFFF" disabledtextcolor="#FFA7A6AA" />
                </HorizontalLayout>
                <HorizontalLayout enabled="true" width="200" height="20">
                    <Button name="minbtn" float="true" pos="129,0,0,0" enabled="true" width="32" height="18" textcolor="#FF000000" disabledtextcolor="#FFA7A6AA" align="center" normalimage="file=&apos;title_min.png&apos; dest=&apos;0,0,32,20&apos; source=&apos;0,0,32,20&apos;" hotimage="file=&apos;title_min.png&apos; dest=&apos;0,0,32,20&apos; source=&apos;32,0,64,20&apos;" pushedimage="file=&apos;title_min.png&apos; dest=&apos;0,0,32,20&apos; source=&apos;64,0,96,20&apos;" />
                    <Button name="closebtn" float="true" pos="168,0,0,0" enabled="true" width="32" height="21" textcolor="#FF000000" disabledtextcolor="#FFA7A6AA" align="center" normalimage="file=&apos;title_close.png&apos; dest=&apos;0,0,32,20&apos; source=&apos;0,0,32,20&apos;" hotimage="file=&apos;title_close.png&apos; dest=&apos;0,0,32,20&apos; source=&apos;32,0,64,20&apos;" pushedimage="file=&apos;title_close.png&apos; dest=&apos;0,0,32,20&apos; source=&apos;64,0,96,20&apos;" />
                </HorizontalLayout>
            </HorizontalLayout>
        </VerticalLayout>
        <HorizontalLayout enabled="true" height="32" bkimage="tabbar.png">
            <HorizontalLayout enabled="true">
                <HorizontalLayout enabled="true" width="112" height="32">
                    <Button name="GoBackBtn" float="true" pos="1,0,0,0" enabled="true" width="19" height="31" textcolor="#FF000000" disabledtextcolor="#FFA7A6AA" align="center" normalimage="file=&apos;tabscrollleft.png&apos; dest=&apos;0,0,19,30&apos; source=&apos;0,0,19,30&apos;" hotimage="file=&apos;tabscrollleft.png&apos; dest=&apos;0,0,19,30&apos; source=&apos;19,0,38,30&apos;" pushedimage="file=&apos;tabscrollleft.png&apos; dest=&apos;0,0,19,30&apos; source=&apos;38,0,57,30&apos;" disabledimage="file=&apos;tabscrollleft.png&apos; dest=&apos;0,0,19,30&apos; source=&apos;57,0,76,30&apos;" />
                    <Button name="GoForwardBtn" float="true" pos="24,0,0,0" enabled="true" width="19" height="31" textcolor="#FF000000" disabledtextcolor="#FFA7A6AA" align="center" normalimage="file=&apos;tabscrollright.png&apos; dest=&apos;0,0,19,30&apos; source=&apos;0,0,19,30&apos;" hotimage="file=&apos;tabscrollright.png&apos; dest=&apos;0,0,19,30&apos; source=&apos;19,0,38,30&apos;" pushedimage="file=&apos;tabscrollright.png&apos; dest=&apos;0,0,19,30&apos; source=&apos;38,0,57,30&apos;" disabledimage="file=&apos;tabscrollright.png&apos; dest=&apos;0,0,19,30&apos; source=&apos;57,0,76,30&apos;" />
                    <Button name="RefreshBtn" float="true" pos="50,3,0,0" enabled="true" width="26" height="26" textcolor="#FF000000" disabledtextcolor="#FFA7A6AA" align="center" normalimage="file=&apos;refresh.png&apos; dest=&apos;0,0,26,26&apos; source=&apos;0,0,26,26&apos;" hotimage="file=&apos;refresh.png&apos; dest=&apos;0,0,26,26&apos; source=&apos;26,0,52,26&apos;" pushedimage="file=&apos;refresh.png&apos; dest=&apos;0,0,26,26&apos; source=&apos;52,0,78,26&apos;" />
                    <Button name="HomeBtn" float="true" pos="80,3,0,0" enabled="true" width="26" height="26" textcolor="#FF000000" disabledtextcolor="#FFA7A6AA" align="center" normalimage="file=&apos;home.png&apos; dest=&apos;0,0,26,26&apos; source=&apos;0,0,32,34&apos;" hotimage="file=&apos;home.png&apos; dest=&apos;0,0,26,26&apos; source=&apos;32,0,64,34&apos;" pushedimage="file=&apos;home.png&apos; dest=&apos;0,0,26,26&apos; source=&apos;64,0,96,34&apos;" />
                </HorizontalLayout>
                <VerticalLayout name="IContainer" enabled="true" height="32">
                    <HorizontalLayout enabled="true" height="5" />
                    <HorizontalLayout enabled="true" height="22">
                        <Edit name="EditUrl" enabled="true" bkcolor="#FFFFFFFF" textpadding="4,3,4,3" textcolor="#FF000000" disabledtextcolor="#FFA7A6AA" />
                    </HorizontalLayout>
                    <HorizontalLayout enabled="true" height="5" />
                </VerticalLayout>
                <HorizontalLayout enabled="true" width="44" height="32">
                    <Button name="GoBtn" float="true" pos="0,1,0,0" enabled="true" width="34" height="29" textcolor="#FF000000" disabledtextcolor="#FFA7A6AA" align="center" normalimage="file=&apos;go.png&apos; source=&apos;0,0,34,30&apos;" hotimage="file=&apos;go.png&apos; source=&apos;34,0,68,30&apos;" pushedimage="file=&apos;go.png&apos; source=&apos;68,0,102,30&apos;" disabledimage="file=&apos;tabscrollleft.png&apos; dest=&apos;0,0,19,30&apos; source=&apos;57,0,76,30&apos;" />
                </HorizontalLayout>
            </HorizontalLayout>
        </HorizontalLayout>
        <HorizontalLayout enabled="true">
            <HorizontalLayout enabled="true" width="2" bkimage="borderleft.png" />
            <wkeWebKit enabled="true" float="false" name="wke" />
            <HorizontalLayout enabled="true" width="2" bkimage="borderright.png" />
        </HorizontalLayout>
        <HorizontalLayout enabled="true" height="22" bkimage="statusbar.png">
            <HorizontalLayout enabled="true" width="150" height="22">
                <Label text="状态栏" enabled="true" textcolor="#FF000000" disabledtextcolor="#FFA7A6AA" />
            </HorizontalLayout>
        </HorizontalLayout>
    </VerticalLayout>
</Window>
